{"root":[{"assemblyName":"Assembly-CSharp","nameSpace":"Doozy.Engine","className":"Coroutiner","methodName":"RunOnStart","loadTypes":4,"isUnityClass":false},{"assemblyName":"Assembly-CSharp","nameSpace":"Doozy.Engine","className":"GameEventManager","methodName":"RunOnStart","loadTypes":4,"isUnityClass":false},{"assemblyName":"Assembly-CSharp","nameSpace":"Doozy.Engine.UI","className":"UIPopupManager","methodName":"RunOnStart","loadTypes":4,"isUnityClass":false},{"assemblyName":"Assembly-CSharp","nameSpace":"Doozy.Engine.UI.Input","className":"BackButton","methodName":"RunOnStart","loadTypes":4,"isUnityClass":false},{"assemblyName":"Assembly-CSharp","nameSpace":"Doozy.Engine.Touchy","className":"TouchDetector","methodName":"RunOnStart","loadTypes":4,"isUnityClass":false},{"assemblyName":"Assembly-CSharp","nameSpace":"Doozy.Engine.Themes","className":"ThemeManager","methodName":"RunOnStart","loadTypes":4,"isUnityClass":false},{"assemblyName":"Assembly-CSharp","nameSpace":"Doozy.Engine.Soundy","className":"SoundyManager","methodName":"RunOnStart","loadTypes":4,"isUnityClass":false},{"assemblyName":"Assembly-CSharp","nameSpace":"Doozy.Engine.SceneManagement","className":"SceneDirector","methodName":"RunOnStart","loadTypes":4,"isUnityClass":false},{"assemblyName":"Assembly-CSharp","nameSpace":"Doozy.Engine.Orientation","className":"OrientationDetector","methodName":"RunOnStart","loadTypes":4,"isUnityClass":false},{"assemblyName":"Unity.RenderPipelines.Universal.Runtime","nameSpace":"UnityEngine.Rendering.Universal","className":"XRSystem","methodName":"XRSystemInit","loadTypes":3,"isUnityClass":true},{"assemblyName":"Unity.RenderPipelines.Core.Runtime","nameSpace":"UnityEngine.Rendering","className":"DebugUpdater","methodName":"RuntimeInit","loadTypes":0,"isUnityClass":true},{"assemblyName":"PhotonRealtime","nameSpace":"Photon.Realtime","className":"ConnectionHandler","methodName":"StaticReset","loadTypes":4,"isUnityClass":false}]}
